Year,White,Black,CO2
1800,4.306446,1.002037,0.253
1810,5.862073,1.377808,0.418
1820,7.866797,1.771656,0.791
1830,10.532060,2.328642,2.088
1840,14.189705,2.873648,5.873
1850,19.553068,3.638808,19.793
1860,26.922537,4.441830,47.438
1870,33.589377,4.880009,98.620
1880,43.402970,6.580793,198.856
1890,55.101258,7.488676,402.412
1900,66.809196,8.833994,664.132
1910,81.731957,9.827763,1278.530
1920,94.820915,10.463131,1747.167
1930,110.286740,11.891143,1744.916
1940,118.214870,12.865518,1874.985
1950,134.942028,15.042286,2541.485
1960,158.831732,18.871831,2897.308
1970,177.748975,22.580289,4339.704
1980,188.371622,26.495025,4730.218
1990,199.686070,29.986060,5131.761
2000,211.460626,34.658190,6023.158
2010,223.553265,38.929319,5669.250
2020,204.277273,41.104200,4689.954
